곡 ID,아티스트,곡 이름,앨범,가사,장르,감정 비율,최종 감정 분류
33930394,이하이,머리어깨무릎발 (Feat. 원슈타인),4 ONLY,"
							넌 나를 얼마나 생각해 음 솔직하게 네 마음을 열어볼 수 있다면 좋을 텐데 그러니 말로 해줘 굳이 둘러볼 필요 없지 주위 다른 여자는 관심 주지 말고 나만 봐 I’m sorry 사랑 원래 이기주의 높일게 우리 사이 수위 네 주위에 이만한 여자 봤어 I got what you need 내 머리 어깨 무릎 발 그만큼 사랑해 줘 내 머리 어깨 무릎 발 You know what I mean 내 머리 어깨 무릎 발 중 어디가 좋아 내 머리 어깨 무릎 발 sorry not sorry 내 머리 어깨 무릎 발 Um 내 머리 어깨 무릎 발 순서대로 yeah 내 머리 어깨 무릎 발 네가 뭘 원하든 내 머리 어깨 무릎 발 너의 그 머리 어깨 무릎 WOO 그거 받고 난 내가 사랑한다면 너의 다른 부분들까지 안고 살아갈 수 있다고 그래 난 AI 로봇 같은 뻔한 ANSWER 그래도 계속 잘 다루는 널 보면 you are early adopter doctor I don't know what to say do you really think she needs me 죽도록 사랑하냐는 질문을 했지 끄덕이며 대답하는 나를 향해 Breathe 혹시 She ain't going home when she post to be 내 머리 어깨 무릎 발 머리 어깨 무릎 발 내 머리 어깨 무릎 발 You know what I mean 내 머리 어깨 무릎 발 난 내 머리 어깨 무릎 발 sorry not sorry 내 머리 어깨 무릎 발 머리 어깨 무릎 발 내 머리 어깨 무릎 발 머리 순서대로 yeah 내 머리 어깨 무릎 발 머리 어깨 무릎 발 내 머리 어깨 무릎 발 너의 그 머리 어깨 무릎 WOO 도저히 잊을 수 없을걸 넌 나의 목소리부터 자태 그때 맞잡았던 너의 두 손이 Babe you make me 목에서 등까지 날 쓸어넘기는 손이 나른한 너의 두 눈이 Yeah I know it Don’t u want me 선물 뒀으니 원하면 가져가 네 마음대로 네 마음대로 네 마음대로 결국 내 마음대로 
",R&B/Soul,neutral: 71.4% love: 19.0% sadness: 9.5%,love
34808763,NCT DREAM,Replay (내일 봐),Glitch Mode - The 2nd Album,"
							uh huh Gotta do gotta do Bring it 1 2 3,ooh 넌 숨막히게 좋은 Movie 한 장면인 걸 네가 손을 흔들며 저 멀리 내게로 오면 아니 훨씬 그전부터 내 마음은 Getting started 네 모든 걸 새겨두지 너는 모르지만,uh you 서둘러 내게 다가와 미안한 표정 짓고 있는 것도 다 eh 꼭 메뉴를 고르기 전 Like 1 2 고민하는 것조차 uh,yeah 꼭 나만 바라볼 수 있는 특별한 기분이라 아무도 모르게 혼자 들떠 별게 다 별것 같아,oh oh 어느새 난 널 눈에 담았던 곳에서 Frame out oh oh 이제는 널 볼 수 없지만 uh,또 한 번 Replay 너와의 하루 babe 선명한 그날들 Tell me 되감아보는 매일 밤 밤을 새 Replay 정해진 결말 위 babe 행복했던 시간 속의 우리 되돌려보는 매일 밤,(Play play play play oh) 밤을 지워버린 Magic 너로 인해 생겨난 New habit yeah I got a habit girl ah (Play play play play oh) 꿈이 말을 거는 Magic 끊어내고 싶지 않은 Habit 널 꺼내보는 매일 밤,소리 내서 Ha ha 네가 웃으면 듣기 좋은 La la 노래 같은 걸 이 장면 속에 All night all night 맘이 춤추다 baby All night all night 다시 슬퍼져 baby,Mic camera action go 널 웃게 할 말이 이렇게 많은데 My god oh no 왜 널 울리곤 한 걸까,oh oh 눈을 감고 겨우 날 타일러 잠에 들려다 oh oh 결국 널 또 불러내 보면 uh,또 한 번 Replay 너와의 하루 babe 선명한 그날들 Tell me 되감아보는 매일 밤 밤을 새 Replay 정해진 결말 위 babe 행복했던 시간 속의 우리 되돌려보는 매일 밤,(1 2 3) Play play play play play the game 내 머릿속을 Hit hit 승패 없는 상상 속 Game 본 적 없는 네 얼굴 It was all a dream 헛된 상상만 반복해 내가 잠에 들기 전까지,Spin it spin it spin it spin it You’re so pretty pretty 빙글 돌게 해 난 멀미 Silly silly me I spill it ooh um 내 머린 Your playground playground You got that you got that magic,oooh 너를 상상하는 매일 oh uh uh baby,또 한 번 Replay 너와의 하루 babe 선명한 그날들 Tell me 되감아보는 매일 밤 밤을 새 Replay 정해진 결말 위 babe 행복했던 시간 속의 우리 되돌려보는 매일 밤,(Play play play play oh) 밤을 지워버린 Magic 너로 인해 생겨난 New habit yeah I got a habit girl ah (Play play play play oh) 꿈이 말을 거는 Magic 끊어내고 싶지 않은 Habit 되돌려보는 매일 밤
					",R&B/Soul,love: 15.6% neutral: 57.8% sadness: 11.1% happiness: 11.1% enthusiasm: 4.4%,happiness
36224661,BIG Naughty (서동현),"빠삐용,",호프리스 로맨틱,"
							Vancouver to Seoul 8시간 42분이 훌쩍 넘는 비행 뒤에 오랜만에 밟는 서울 땅이 차갑지 않게 데워놨어 널 위해 적당히 반가운 척을 하며 지은 어색한 미소 뒤에 터지기 직전인 심장을 감추려 숨었지 비겁하게 오토튠 위에 감정의 찌꺼기 앞으로 내 사전에서 낭만은 삐처리 이 앨범은 땡처리 딱히 하고픈 말이 없어서 이리저리 왔다 갔다 해 맛이 갔다 왜 너무 간단해 넌 마치 사다리 너를 따라 쭉 그었는데 마지막에 꺾이는 선은 나를 괴롭히지 정말 지독하게 어제는 네가 탄 비행기에서 폭탄이 터지는 꿈을 꾼 채로 지옥을 다녀왔어 난 그제는 아침에 네가 옆에 있는 꿈을 간직하려 억지로 뜬 해를 못 본 척했어 난 Frank Ocean에서부터 Vancouver 마지막 시까지 너의 바짓가랑일 아직 못 놔서 마침표 뒤에 찍어놨었지 작지만 큰 너를 꼭 닮은 쉼표 하나를 너를 십 년 만에 마주했을 때 어떤 표정을 지을지 매일 고민해 벌써부터 어떤 옷을 입을지 꽃은 과한지 아님 뭐가 좋을지 근데 넌 그런 내 앞에 다 와가는 터널의 끝에 다 알면서 아무렇지 않게 그때 난 묻었어 낭만을 깊은 추억 속에 Vancouver to Seoul 8시간 42분이 훌쩍 넘는 비행 뒤에 오랜만에 밟는 서울 땅이 차갑지 않게 데워놨어 널 위해 적당히 반가운 척을 하며 지은 어색한 미소 뒤에 터지기 직전인 심장을 감추려 숨었지 비겁하게 오토튠 위에 내게 사랑의 의미를 알려준 너를 그리며 쓴 노래가 사랑을 받고 더 큰 사랑을 배운 나는 더 큰 사람이 되어 너의 품을 떠나려 해 This is a last call 넌 내 이야기에 전부였지만 이젠 마침표를 채워 넣었으니까 I’ll be your friend forever 앞에 소년은 없으니 걱정하지 마 
",R&B/Soul,neutral: 63.8% sadness: 21.3% love: 12.8% enthusiasm: 2.1%,sadness
30383766,종현 (JONGHYUN),따뜻한 겨울 (Our Season),종현 소품집 '이야기 Op.2',"
							따뜻한 겨울이 다시 돌아왔어 코트에 목도리 스웨터 벙어리 장갑 그런 게 없어도 사실 난 전혀 안 추워 내 곁엔 항상 너 항상 너 곁에 있으니 우리 솔직해져 볼까  내게 실망한 적 있지 맞아 나도 너에게 상처받았던 적 있지 따뜻한 겨울에 눈 녹아 사라지듯이 지금은 그것도 다 추억이 돼줬지만 고마운 마음이 자꾸 많이 남아서 내게 해줬던 그 말이 귓가에 맴돌아서 오늘도 전혀 안 추워 따뜻한 이 겨울엔 내 곁엔 항상 너 항상 너 곁에 있으니 새하얀 입김 또 흩뿌려지고 꽁꽁 언 두 손 주머니 속에 꼭꼭 감춘 채 걸었던 날엔 이런 날 올 줄 정말 몰랐어 마치 꿈속인 것만 같아 다시 돌아온다는 말 참 예쁜 말이지 다시 또 만날 그 날이  약속된 안녕인 거니까 따뜻한 겨울이 나에게 돌아왔듯이 네 맘도 언제나 내 곁을 돌고 있으니 고마운 마음이 자꾸 많이 남아서 내게 해줬던 그 말이 귓가에 맴돌아서 오늘도 전혀 안 추워 따뜻한 이 겨울엔 내 곁엔 항상 너 항상 너 곁에 있으니 있잖아 나 항상 하는 말이지만 입버릇처럼 달고 사는 말이지만 참 고마워 부족한 날 그대로 아껴줘서 덕분에 내 평생이 따뜻해 고맙다는 말 꼭 전하고 싶었어 내게 해줬던 그 말 돌려주고 싶었어 오늘도 전혀 안 추워 너와 함께한 겨울 내 곁엔 항상 너 내 옆에 있으니 내 곁엔 항상 너 네가 있으니 
",R&B/Soul,sadness: 19.5% neutral: 56.1% anger: 2.4% love: 19.5% enthusiasm: 2.4%,sadness
35058036,투모로우바이투게더,Lonely Boy (네 번째 손가락 위 타투),minisode 2: Thursday's Child,"
							Lonely boy stayin’ lonely 미련뿐인 이별이 Lonely boy stayin’ lonely She ain’t my one and only,괜히 만지작거려 나만 홀로 남아 여기 없어 너는 gone 남긴 흔적마저 lonely 날카로운 바늘로 찍어 남긴 건 손가락뿐만이 아냐 내 마음까지도,깊게 찔러 날 마구 살갗을 파고든 너의 말은 cruel 반지를 대신해 자리한 자국 네 번째 손가락 위 너란 타투,Lonely boy stayin’ lonely 바뀌지 않을 story Lonely boy stayin’ lonely 미련뿐인 이별이,싫어 이젠 I don’t need it 낫지 않을 네 흔적이 Standing here alone,Lonely boy stayin’ lonely She ain’t my one and only, one and only  Stayin’ lonely, stayin’ lonely, stayin’ lonely Lonely, stayin’ lonely, stayin’ lonely, stayin’ lonely,손깍지 끼면 하나가 됐던 외롭게 남겨진 반쪽짜리 star Tell me about the meaning 없어 그딴 거 잃어버린 의미 돼버린 낙서,Yeah I was stupid 왜 그랬을까 그땐 이젠 추억도 못 해 내버려 둘 수밖에,Lonely boy stayin’ lonely 네 곁에 머문 memories Lonely boy stayin’ lonely 남겨진 건 이별인,싫어 이젠 I don’t need it 낫지 않을 네 흔적이 Standing here alone,Lonely boy stayin’ lonely She ain’t my one and only, one and only  Stayin’ lonely, stayin’ lonely, stayin’ lonely Lonely, stayin’ lonely, stayin’ lonely, stayin’ lonely,Stayin’ lonely, stayin’ lonely, stayin’ lonely Stayin’ lonely
					",R&B/Soul,neutral: 66.7% sadness: 16.7% love: 5.6% anger: 11.1%,sadness
34808762,NCT DREAM,잘 자 (Teddy Bear),Glitch Mode - The 2nd Album,"
							In case you’re up late, don’t wait it’s just natural, uh yeah, cross minds, keep still (keep still) 할려고 하지 말고 맡겨 Girl Watch your step,늦은 밤이야 You know 잠들지 못한 거니 내 옆으로 와 누워 포근한 이불 속에 숨어 oh girl 너만의 하룰 모두 들려줘 알고 싶어 내게만 말해봐,토닥 토닥 리듬 속 숨소릴 맞춰가고 떠오르는 생각은 천천히 머릴 넘기는 손길 따라서 지워가 아무 걱정 말고 눈 감으면 돼,불빛이 꺼진 도시의 밤은 멀리 널 데려가 손을 놓치지 않을 테니까 가자 Into your dream,잘 자 오늘도 아주 깊은 꿈에서 만나 yeah 둘만 아는 세상에서 우린 함께 있을 거야 어둠이 오면 내 품에 널 숨길 테니까 yeah 혼자 남겨진다 해도 네 머리맡을 지킬게 깊게 잠들어 꿈에서 만나,어떤 고민이 널 괴롭히러 오면 다 나에게 맡기면 돼 My babe oh you babe 너 대신 아플 수 있음 해 푹 잠들 수 있게 Whenever,긴 밤이 영원할 것만 같아 겁이 날 때마다 나와 새벽을 함께 건너자 달의 저편으로,잘 자 오늘도 아주 깊은 꿈에서 만나 yeah 둘만 아는 세상에서 우린 함께 있을 거야 어둠이 오면 내 품에 널 숨길 테니까 yeah 혼자 남겨진다 해도 네 머리맡을 지킬게 깊게 잠들어 꿈에서 만나,아침이 되면 모든 게 꿈처럼 사라지겠지 (날 기억해 줘) 그래도 난 괜찮아 널 지켜줄 수 있어 좋은 걸 그게 내 행복이니까 For you,자 눈을 감아봐 아주 깊은 꿈에서 만나 yeah (I just wanna be with you) (oh love) 함께 있는 이곳에선 (All night long) 우린 같은 꿈을 그려 (Just want to be your babe),내일이 오면 (baby you) 햇살이 널 깨울 테니까 yeah 돌아보지 말고 걸어 (곁에서) 난 너의 꿈을 지킬게 이젠 눈을 떠 다시 또 만나
					",R&B/Soul,neutral: 59.5% love: 7.1% sadness: 14.3% enthusiasm: 16.7% happiness: 2.4%,enthusiasm
35540851,BIG Naughty (서동현),연애의 발명 (웹툰 '연애의 발견' X BIG Naughty (서동현)),연애의 발명 (웹툰 '연애의 발견' X BIG Naughty (서동현)),"
							밤에 일 끝나자마자 바로 네게 전화 걸게 일이 일찍 끝났으니까 있는 데로 내가 갈게 거절은 거절할게 그냥 진짜 잠깐이면 돼 굳이 화장을 안 해도 예쁜 얼굴 보러 갈게 알잖아 친구 앞에 여자가 붙을 때의 그 감정 그건 마치 연애의 발견 보다는 발명에 가까워 왜냐면 사람이 순간 되어 버리지 반려견 너를 보자마자 나는 네게 달려들어 네 표정이 안 좋으면 난 기다려 알려줘 누구야 너의 기분을 상하게 한 망할 놈이 누구야 아 그때 그 상사 놈 데려 와봐 아님 내가 가서 확 물어 뜯어줄까 찬성이 형님한테 전화 때려볼까 이렇게 한도 끝도 없이 유치해져 난 네 생각하면서 쓴 가사는 흑역사가 될 거야 아마 근데 이미 써버렸어 다 욕할걸 아마 근데 이건 그냥 우리 둘만의 드라마 이 OST 끝나면 키스신이 나와 밤에 일 끝나자마자 바로 네게 전화 걸게 일이 일찍 끝났으니까 있는 데로 내가 갈게 거절은 거절할게 그냥 진짜 잠깐이면 돼 굳이 화장을 안 해도 예쁜 얼굴 보러 갈게 I’ll just be your dog 네 표정이 안 좋으면 난 I’ll just be your dog 꼬리를 흔들어줄게 I’ll just be your dog 오늘은 퇴근이 왜 늦었어 I’ll just be your dog 나는 네 강아지가 아니야 맞지 혹시 그렇게 생각하는 거 아니지 맞지 내가 지금까지 깨있었던 건 아직 잠이 안 와서야 기다린 거 아닌 거 알지 그렇게 생각했다면 너는 김치국 원샷 해 버린 거야 아직 아무 사이 아니잖아 아니긴 뭘 네가 어제 그렇게 말했잖아 이따가 다시 전화해서 얘기하자고 오케이 밤에 일 끝나자마자 바로 네게 전화 걸게 일이 일찍 끝났으니까 있는 데로 내가 갈게 거절은 거절할게 그냥 진짜 잠깐이면 돼 굳이 화장을 안 해도 예쁜 얼굴 보러 갈게 
",R&B/Soul,sadness: 14.3% anger: 18.4% neutral: 63.3% love: 4.1%,anger
37125843,그루비룸 (GroovyRoom),"Yes or No (Feat. 허윤진 of LE SSERAFIM, Crush)",Yes or No,"
							What’s on your mind 넌 이미 알고 있잖아 궁금해 난 정말 뭔지 너의 맘이 Baby don’t smile 더 기다리기 지쳐 난 Look at my eyes (Ha) 지금이잖아 타이밍,Feel yourself, and free yourself (If you) feel me 말해줄래 Yes or No Feel yourself, and free yourself (If you) feel me 말해줄게 Yes or No,Do you wanna ride or die with me 어딜 가든지 따라와 줄 거야? 아니면서 계속 맴돌지 자꾸 내 주위를 좁혀가 우리 사이 I’ve never been the one to plead 'cause boys are cheap 차라리 끝내자 But I know 결국 다시 back on repeat,처음부터 달랐어 불길하게 달콤한 느낌 이미 난 흔들렸어 내 맘대로 되는 게 없어서 싫은데 좋아 So love, so pain,What’s on your mind 넌 이미 알고 있잖아 궁금해 난 정말 뭔지 너의 맘이 Baby don’t smile 더 기다리기 지쳐 난 Look at my eyes (Ha) 지금이잖아 타이밍,Feel yourself, and free yourself (If you) feel me 말해줄래 Yes or No Feel yourself, and free yourself (If you) feel me 말해줄게 Yes or No,이런 사이는 Not my taste 애매하게 흘리는 Night and day Don't play with me 넌 알고 있잖니 어서 빨리 Oh just let me know,What’s on your mind 전부 알고 싶어 난 언제까지 이렇게 날 애태울 셈이야 지금이야 순간 It’s time to decide I can't wait no more 다시 반복해 또,What’s on your mind 넌 이미 알고 있잖아 궁금해 난 정말 뭔지 너의 맘이 Baby don’t smile 더 기다리기 지쳐 난 Look at my eyes (Ha) 지금이잖아 타이밍,Feel yourself, and free yourself (If you) feel me 말해줄래 Yes or No Feel yourself, and free yourself (If you) feel me 말해줄게 Yes or No 
",R&B/Soul,neutral: 91.7% sadness: 4.2% anger: 4.2%,anger
37077261,NCT 127,나 홀로 집에 (Home Alone),Be There For Me - Winter Special Single,"
							이 겨울에 난 Home alone (alone alone) 내 포근한 방에서 혼자 놀고 싶은 하루 창문 밖은 추운 걸 (콜록콜록) 침대 위에 숨어서 겨울잠을 자고 싶어,Ring a ring, ring a ring “주말에 혼자서 너 뭐 하니?” 뭐 하긴 난 약속이 Full이지 대답 비슷비슷하게 둘러대,Dance with me, game with me 사실 달력은 텅 빈자리 Friend 미안해 나 홀로 바쁘지 Yeah,아무도 날 찾지 마요 Baby 밖은 추우니까 귤, 젤리, 초코 가득 채운 Basket 안고 영화나 볼까,이 겨울에 난 Home alone (alone alone) 내 포근한 방에서 혼자 놀고 싶은 하루 창문 밖은 추운 걸 (콜록콜록) 침대 위에 숨어서 겨울잠을 자고 싶어,Slide to the left, slide to the right, slide to the left 이불 위로 썰매 타 Slide to the left, slide to the right 이불 산을 쌓은 채 게으르고 싶은 날,Favorite, favorite 노는 게 제일 좋은 나이지 준비 땡, 탐험해 우리 집 보고 또 또 봐도 새롭지,Play with me, stay with me 나의 집이 나의 Bestie지 Oh 바라만 봐도 Lovely yeah (yoo!),OTT searching TV 또 Zapping 혼자 춤춰 Uploading a challenge 언제든 나의 보물섬에 Check-in 할 일은 참 집에서도 많지,알람 하나 없이 나 아침까지 매일 밤 원하면 새벽까지 뒹굴거려 봐 잠깐 Kiss scene은 Skip 해 Mwah,어느샌가 눈이 내린 거리 잠시 창밖을 봐 (Yeah yeah yeah) 손 시린 거릴 걷기보단 역시 멜로 (Alright) 영화나 볼까 (잠들 때까지),이 겨울에 난 Home alone (alone alone) 내 포근한 방에서 혼자 놀고 싶은 하루 창문 밖은 추운 걸 (콜록콜록) 침대 위에 숨어서 겨울잠을 자고 싶어,Slide to the left, slide to the right, slide to the left 이불 위로 썰매 타 slide to the left, slide to the right 이불 산을 쌓은 채 게으르고 싶은 날,저 구름에 두 눈에 그린 소원과 창에 비춘 불빛들까지 At the end of the day 하얀 밤에 안겨 It’s a good good night oh,이 텅 빈 집에 나 홀로 (홀로 홀로) 아무것도 안 해도 그냥 집에 있고 싶어 혼자라도 좋은 걸 (alone alone) 한 겨울의 곰처럼 긴긴 잠을 자고 싶어,Slide to the left (하얀 겨울을 타고) Slide to the right  (예쁜 도시를 건너) Slide to the left (너무 따스한 겨울) 이불 위로 썰매 타 (Oh lovely so) Slide to the left (하얀 겨울을 타고) Slide to the right (예쁜 도시를 건너) 이불 산을 쌓은 채 (너무 따스한 겨울 Yeah) 게으르고 싶은 날 (Wah) 
",R&B/Soul,sadness: 44.9% neutral: 44.9% anger: 4.1% love: 6.1%,sadness
34779651,미노이 (meenoi),Tea time (Feat. 10CM),Tea time,"
							너를 미워하는 이유는 나한테 없어 사랑이 다 대신할 테니까 계절이 지나가고 돌아오듯이 다 그런 거겠지 아마도 지긋지긋해 너와 내 맘 사이 멀어지고 있는 소리 들려 따끈따끈 안 해 지난밤 사이 겨울이 겨울이 왔나봐 차가운 너의 손 호호 불어 내 주머니 속에 넣고 네 손가락 만지작대며 따뜻한 티타임 보내기로 했지 그럼 우린 다시 사랑스럽게 너를 사랑하는 이유는 나한테 없어 마음이 그래서 그런거지 뭐 다투고 또 다투고 투닥거려도 다들 그렇고 그런거지 뭐 삐끗 삐끗해 너와 내 맘 사이 멀어지고 있는 소리 들려 두근두근 안 해 지난밤 사이 겨울이 겨울이 왔나봐 시간이 지나가면 갈수록 네게 스며든 내 모습을 보며 널 미워하다가도 결국은 사랑하지 너 없는 봄 여름 가을 겨울은 생각하지 않아 차가운 너의 손 호호 불어 내 주머니 속에 넣고 네 손가락 만지작대며 따뜻한 티타임 보내기로 했지 그럼 우린 다시 사랑스럽게 
","R&B/Soul, 인디음악",sadness: 34.5% neutral: 48.3% love: 17.2%,sadness
33976677,마크툽 (MAKTUB),찰나가 영원이 될 때 (The Eternal Moment),Red Moon : Beyond The Light,"
							서로를 향한 마음이 우주의 작은 뭉쳐짐이라면 이 아름다운 기억이 흩어져도 사라지진 않을 거야 잠들지 못한 바람은 고요히 빛나는 너의 바다로 그 안에 잠겨 죽어도 좋으니 나 네 품에 안겨 너의 이름이 긴 밤을 지나 찰나가 영원이 될 때 얼마나 내가 널 좋아하면 달에 네 목소리가 보여 오색 빛 하늘 별 숲 사이로 너라는 꽃이 피어나 그 세상의 반을 가진다 해도 그저 네 앞에선 꽃에 머물고픈 한 남자일 뿐 오롯이 나를 비춰요 어둠이 드리워도 눈이 부시게 눈물조차 반짝이는 밤의 기적을 노래하네 너의 이름이 긴 밤을 지나 찰나가 영원이 될 때 얼마나 내가 널 좋아하면 달에 네 목소리가 보여 오색 빛 하늘 별 숲 사이로 너라는 꽃이 피어나 그 세상의 반을 가진다 해도 그저 네 앞에선 꽃에 머물고픈 남자일 뿐 밤 하늘 수놓인 모든 것들이 운명 위로 내리는 걸 내 꿈에 안긴 널 한 번 더 가득히 안아 시간을 넘어 빛이 닿는 세계의 바깥까지 함께 너의 깊은 미소의 황홀 속 일렁임은 영원과 이어질 거야 얼마나 내가 널 원하는지 눈을 감아도 너와 마주쳐 쏟아지는 달빛의 선율을 따라 자유의 날개로 향하는 봄날엔 너의 유일한 숨결이 분다 
","R&B/Soul, 인디음악",love: 33.3% neutral: 52.8% sadness: 11.1% happiness: 2.8%,love
1500196,SG 워너비,내사람,The Precious History,"
							내 가슴속에 사는 사람 내가 그토록 아끼는 사람  너무 소중해 마음껏 안아보지도 못했던  누구에게나 흔한 행복 한 번도 준적이 없어서  맘 놓고 웃어본 적도 없는 그댈 사랑합니다  내가 기쁠 때나 슬플 때나 함께 울고 웃어주던  그댈 위해 내가 할 수 있는건 뭐든 해주고 싶어  안녕 내 사랑 그대여 이젠 내가 지켜줄게요  못난 날 믿고 참고 기다려줘서 고마워요  안녕 내 사랑 그대여 영원토록 사랑할게요  다시 태어나서 사랑한대도 그대이고 싶어요 ,어두운 밤길을 잃어도 서로 등불이 되어주고  비바람 몰아쳐도 지금 잡은 두 손 놓지 말아요  내가 힘들 때나 아플 때나 내 곁에 있어준 그대  미안하단 말로 고맙단 말을 대신 하던 나였죠  안녕 내 사랑 그대여 이젠 내가 지켜줄게요  못난 날 믿고 참고 기다려줘서 고마워요  안녕 내 사랑 그대여 영원토록 사랑할게요  다시 태어나서 사랑한대도 그대이고 싶어요 ,넘어지고 몇 번을 다시 넘어진다 해도  그대만 있다면 다시 일어날 수 있는데 ,&lt; 간주   ,안녕 내 사랑 그대여 이젠 내가 지켜줄게요  못난 날 믿고 참고 기다려줘서 고마워요  안녕 내 사랑 그대여 이렇게 그댈 부를 때면  너무 행복해서 눈물이 나죠 사랑해요 ,&lt; Ending Chorus  
					",R&B/Soul,love: 41.7% neutral: 30.6% happiness: 5.6% sadness: 22.2%,love
34140617,세븐틴 (SEVENTEEN),Crush,SEVENTEEN 9th Mini Album 'Attacca',"
							You are my crush  I got a crush on you 나는 너에게 Rush You are my crush  I got a crush on you 너 말곤 전부 다 Hush Hush,It’s 조금 Complicated  날 끌어당기는 건 아무도 흉내 낼 수 없는 너 (유일해 넌 내게 Only one),질문엔 대답하지 말아 줘 눈을 보고 느껴  천만 배는 감동적이야,Oh baby 난 멈출 수 없어  (I’m crazy for you) 이미 서로의 심장은 병렬로 나열돼,I don’t know what to do  Tell me what I gotta do 네가 없으면 난 마음이 얼룩져  녹아 없어질 거야,You are my crush  I got a crush on you 나는 너에게 Rush You are my crush  I got a crush on you 너 말곤 전부 다 Hush Hush,지금 이 달콤함은 영원히 해롭지 않아 You are my crush  I got a crush on you 내 마음은 Run and gun,음악의 볼륨을 최대치로  올려도 우린 대화가 가능해 지금 이 달콤함은 영원히  해롭지 않을 거라는 걸 알아,오직 Feel로 오직 Feel로 함께 있음을 느껴  어제보다 감동적이야,Oh baby 난 멈출 수 없어  (I’m crazy for you) 이미 서로의 심장은 병렬로 나열돼,I don’t know what to do Tell me what I gotta do 네가 없으면 난 마음이 얼룩져  녹아 없어질 거야,You are my crush  I got a crush on you 나는 너에게 Rush You are my crush  I got a crush on you 너 말곤 전부 다 Hush Hush,지금 이 달콤함은 영원히 해롭지 않아 You are my crush  I got a crush on you 내 마음은 Run and gun,알려줘 어떻게 하면  널 더 깊게 알 수 있을지 알려줘 어떻게 하면 널 더 내가 믿을 수 있는 건  지금 내 눈앞에 있는 너,서로를 더 끌어당겨,You are my crush  I got a crush on you 나는 너에게 Rush You are my crush  I got a crush on you 너 말곤 전부 다 Hush Hush,지금 이 달콤함은 영원히 해롭지 않아 You are my crush  I got a crush on you 내 마음은 Run and gun,조금 더 내게 더 (내 맘은 타오르고 있어) 조금 더 내게 더 (속도를 늦출 수 없어) Woo 우리 감정은 All day 쉴 틈 없이 커지고 있어 
",R&B/Soul,neutral: 44.4% sadness: 25.0% love: 25.0% enthusiasm: 2.8% anger: 2.8%,sadness
32091434,헤이즈 (Heize),떨어지는 낙엽까지도,만추,"
							떨어지는 낙엽까지도 멀어져 가는 저 새들도 스쳐 지나가는 흩어져 가는 뒷모습까지도 어제와 같은 하늘색인데 언젠가 본 듯한 구름인데 별 관심 없었던 사랑 노래 오늘따라 귓가에 맴도네 꽃이 지고 해가 저물면 끝인 줄 알았지 다시 더 아름다운 옷을 입고 내게로 오네 떨어지는 낙엽까지도 멀어져 가는 저 새들도 스쳐 지나가는 흩어져 가는 뒷모습까지도 금방이라도 울 것만 같은 저 하늘도 훌훌 털어내고 아프도록 시린 겨울날도 실은 봄을 향해 달려가죠 나는 너에게 또 너는 나에게 오는 길이 그토록 고되었던 이유가 이렇게 큰 행복을 안고 오는 길이었기 때문을 알고 난 후엔 떨어지는 낙엽까지도 멀어져 가는 저 새들도 스쳐 지나가는 흩어져 가는 뒷모습까지도 아마도 우린 아주 오래 그전부터 약속돼있었던 만남인 것 같죠 사랑 내게도 온 거죠 떨어지는 낙엽까지도 멀어져 가는 저 새들도 스쳐 지나가는 흩어져 가는 뒷모습까지도 
",R&B/Soul,neutral: 69.0% sadness: 17.2% happiness: 6.9% love: 6.9%,sadness
9613173,어반자카파,목요일 밤 (Feat. 빈지노),목요일 밤,"
							평범한 목요일 밤 널 데려 갈게 어디든 일주일 중에 네가 제일 지쳐 있을 오늘 Wanna drive If you don’t mind 둘이서 갈래 어디든 밤을 가득 채울 너와 나 그 곳을 향해 향해 Wherever you want 이리 저리 치이다 정해진 모든 걸 해내도  하나도 웃음 안 나고 또 올 내일이 두렵고  밤은 좀 남았는데 어떻게 써야할지 모르고 너와 함께 밤공기를 느끼고 파   지금 데리러 갈게 집에 가지 말고 있어줘 baby I’m on my way  Maybe I’ll be there by 8  왜 너가 차빌 내야해 좋은 음악이 있는 오빠 차가 있잖아 물론 내일 일찍 일 나가야해  이런 실랑이 할 시간에 조금이라도 널 봐야해 난 호흡이 딸리는 목요일 밤 널 생각하면서 달려가 난 평범한 목요일 밤 널 데려 갈게 어디든  일주일 중에 네가 제일 지쳐 있을 오늘  Wanna drive If you don’t mind 둘이서 갈래 어디든  밤을 가득 채울 너와 나 그 곳을 향해 향해 Wherever you want  어디든 데려다 줄게 건반처럼 가로등을 가로지르며 너의 하룰 들으며 그랬어 그러면서 너를 괴롭혔던 바깥 세상의 밤 공기를 밀며  창 밖에 내던진 음악처럼 한강엔 별과 달이 시간과 똑같이 흐르고 있어 우린 느낄 수 있어 둘이서 앞으로 더 많은 목요일에 도착할 거란 걸 평범한 목요일 밤 널 데려갈게 어디든  Wherever you want 어디가 됐건 Whatever you want 그 무엇이 됐건 Let’s go Let’s go Wanna drive If you don’t mind 둘이서 갈래 어디든  Wherever you want Wherever we want  Wherever I want  Wherever you want we’re going to yo 바람을 더 느끼게 창문을 더 활짝 열어줘 아무 말 필요 없어 그냥 나를 믿어 Give it up Baby Wanna drive If you don’t mind 둘이서 갈래 어디든  밤을 가득 채울 너와 나 그 곳을 향해 향해 Wherever you want  Wherever you want Wherever we want  Wherever I want Wherever you want we’re going to yo Wherever you want Wherever we want  Wherever I want Wherever you want we’re going to yo 
",R&B/Soul,neutral: 82.9% love: 9.8% sadness: 7.3%,love
38077933,aespa,Dopamine (GISELLE Solo),SYNK : PARALLEL LINE - Special Digital Single,"
							Yeah Umm I don’t need a man, just accessories Yeah you look so good standing next to me (Na na na na) Next best thing, I need Dopamine Can’t let you close to me,Stop, go, put that in slow-mo 천천히 Stay low- ‘Key, know I want you I want it, Yeah Oh no, you're getting too close Playin’ dangerous with me,Ugh commitment 시간 없어 나는 Tell me if I got you in ya feelings 알거라 믿어 숨길 거니까 잊지 마 Lock it up inside, I gotta hide the way I feel	,Be my little secret Keep it hush hush But I think I’m in love 그래도 말 안 해 I’m thinkin’ that you know, I won’t ever let you in though (Yeah you know),I don’t need a man, just accessories Yeah you look so good standing next to me (Na na na na) Next best thing, I need Dopamine That Dopamine, it’s that Dopamine Yeah,I need that Dopamine Won’t let you get too close to me 솔직히 난 잘 몰라 이런 Love Shh 흘러 눈물이 I do this on my own Yuh I do like control La Said what I said but with you I be in my head like,My prettiest problem You lookin’ like I don’t wanna solve ‘em 이대로 있을래 잠은 나중에 자면 되니까,Every time I see you 두근거리는 My heart rate Spikes up like a race Still to this day 알아버린 밑바닥 That was first base But you’ll never know,Commitment Used to be real in it Tell me if I got you in ya feelings Cuz I be in mine Like all the time You know I 알아주길 원해 Now,Be my little secret Keep it hush hush But I think I’m in love 그래도 말 안 해 I’m thinkin’ that you know, I won’t ever let you in though (Yeah you know),I don’t need a man, just accessories Yeah you look so good standing next to me (Na na na na) Next best thing, I need Dopamine That Dopamine, it’s that Dopamine Yeah,I don’t need no man, just accessories That’s what I thought I was but honestly You know all that’s fake and God knows why I need you Woah 
",R&B/Soul,sadness: 37.5% neutral: 62.5%,sadness
34754295,(여자)아이들,ALREADY,I NEVER DIE,"
							I’m alone in this room for so so long 너에 대한 생각들로 난 이런 노래를 만들고 있어,이 늦은 시간에 내 Phone이 울리네 미안하단 말을 왜 이제 와서 해 Even a second is too late (Too late),그 거짓말을 내게 하지 않았고 마지막 그 한마디를 참았더라면 우린 함께였을까? (But now),Already, already, already over ah ah ah ah 널 지웠어 Ah ah ah ah 그때 That day,Already, already, already over ah ah ah ah 마지막 그날 Ah ah ah ah The end, it’s how our story ends,I never missed you 외로운 오늘 밤도 사랑은 졌고 그날로 우린 없어 늘 네게 달렸던 연애의 시작과 끝 변함없이 같잖은 착한 척하는 그 말투,난 지긋지긋해 너의 실체를 알았기에 옆자리에 만족했던 멍청인 없어 이제 I don’t know my yesterday 눈물로 뱉었네 됐어 네가 진짜 변했더라도 난 Already,You never know what I’ve been through 울고불고 매달리고 싶었지만 I know in the end, it won’t be us 절대 예전 같을 수 없잖아 (Again),Already, already, already over ah ah ah ah 널 지웠어 Ah ah ah ah 그때 That day,Already, already, already over ah ah ah ah 마지막 그날 Ah ah ah ah The end, it’s how our story ends,Already, already, already over ah ah ah ah 널 지웠어 Ah ah ah ah 그때 That day,Already, already, already over ah ah ah ah 마지막 그날 Ah ah ah ah The end, it’s how our story ends,영화는 막을 내리고 주연인 우리 이름은 까만 스크린 속에 천천히 올라가
					",R&B/Soul,neutral: 40.9% happiness: 4.5% sadness: 31.8% love: 18.2% anger: 4.5%,sadness
30492279,헤이즈 (Heize),비도 오고 그래서 (Feat. 신용재),/// (너 먹구름 비),"
							비도 오고 그래서   네 생각이 났어  생각이 나서 그래서   그랬던거지  별 의미 없지  오늘은 오랜만에  네 생각을 하는 날이야  일부러 난 너와 내가  담겨 있는 노랠 찾아  오늘은 슬프거나  우울해도 괜찮은 맘이야  어차피 이 밤이 다 지나가면은 별 수도 없이 난 또 한 동안은 널 잊고 살테니까 내 가슴 속에만 품고 살아갈테니까 비도 오고 그래서 네 생각이 났어 생각이 나서 그래서 그랬던거지 별 의미 없지 우산 속에 숨어서 네 집을 지나쳐 그 날의 감정을 다시 느껴보고파서 떨어지는 빗물과 시계 초침 소리가 방 안 가득 채우면 그 때로 난 돌아가 차라리 난 이 비가 그치지 않았음 해 매일 기억 속에 살 수 있게 나 널 아프게 했던 못난 놈이니까 널 다시 품에 안을 자격도 없으니까 비도 오고 그래서 네 생각이 났어 생각이 나서 그래서 그랬던거지 별 의미 없지 우산 속에 숨어서 네 집을 지나쳐 그 날의 감정을 다시 느껴보고파서 우리에게 주어진 행복을 너무 빨리 쓴 것 같아 거기까지 인 것 같아 이 비가 그칠 땐 각자 있던 곳에서 다시 살아가야만 해 비도 오고 그래서 네 생각이 났어 생각이 나서 그래서 그랬던거지 별 의미 없지 우산 속에 숨어서 네 집을 지나쳐 그 날의 감정을 다시 느껴보고파서 
",R&B/Soul,neutral: 68.4% sadness: 26.3% happiness: 2.6% love: 2.6%,sadness
36937529,ZEROBASEONE (제로베이스원),Kidz Zone,MELTING POINT,"
							우린 같은 꿈을 꿔 시공간을 넘어 Go 아무도 모르는 곳 모두 모여 봐 여기로,우리만의 Page 시작되는 Stage 완벽해진 Playlist 끝이 없는 Magic 찰나마다 Post it 같이 눌러 Like it Like a playground 우리만의 Agit,(Ah) Come on 어서 다 모여 (Ah) 같은 꿈속에서 우린 맘껏 소리쳐, 노랠 불러 Pop, Rock, Dance 춤춰, 밤새도록 (Ah) We’ll be kidz forever,비밀스런 이 공간 원하는 대로 Rock and roll 친구가 된 이 순간 불가능은 없어 All night long,서로 다른 Language 상관없는 Age 저마다의 Style 하나 되는 Friendship 모두 함께 Trust it 걱정 따윈 Stop it Right now 맘껏 놀아볼까,(Ah) Come on 어서 다 모여 (Ah) 같은 꿈속에서 우린 맘껏 소리쳐, 노랠 불러 Pop, Rock, Dance 춤춰, 밤새도록 (Ah) We’ll be kidz forever,(Ah) Come on 어서 다 모여 (Ah) Yeah we’ll be kidz forever,(Ah) Come on 어서 다 모여 (Ah) 같은 꿈속에서 우린 맘껏 소리쳐, 노랠 불러 Pop, Rock, Dance 춤춰, 밤새도록 (Ah) 기억해 Forever
					",R&B/Soul,enthusiasm: 22.2% neutral: 27.8% sadness: 22.2% happiness: 27.8%,happiness
36079885,NCT 127,Designer,Ay-Yo - The 4th Album Repackage,"
							Yeah ay yeah ay yeah ay ay 오감이 일렁여 나만이 느낀 Exclusive 넌 나의 감성 I love it my Designer (More than perfect 작은 취향마저 best on me) 누구도 못 가질 나만을 위한 Exclusive 디테일마저 I love it my Designer (More than perfect 작은 취향마저 best on me) 내 세상에 녹아든 (to me) 이 감정은 Made by you (by you) 완벽한 우리 둘 Pattern I think I’m in love with you (I am) Oh baby 넌 나에게 (나에게) 너만의 색을 입혀 매일 (color) 싫지 않아 다 이대로 좋아 (yeah) 더 짙어지게 칠해줄래 Mix and Match 어떤 방식도 OK Loose or tight 밀고 당겨도 OK (I don’t care) It’s your eyes it’s your smile it’s your face oh 전부 이끌려 갖고 싶어 Say more Classic 때로는 Dressy 섬세하게 다가와 Fit me (Come and fit me) Ay 맘을 Drawing 해 네가 느낀 대로 좀 더 깊어지는 눈빛에 빠져든 채로 오감이 일렁여 나만이 느낀 Exclusive 넌 나의 감성 I love it my Designer (More than perfect 작은 취향마저 best on me) 누구도 못 가질 나만을 위한 Exclusive 디테일마저 I love it my Designer (More than perfect 작은 취향마저 best on me) 나를 감싸와 빈틈 하나 없이 (You you) 네게 비친 나 It’s perfect (It’s alright, It’s perfect, It’s alright uh) 가장 특별한 너를 입을래 매일 I do every night everyday yeah 내 맘의 무늴 (Yeah) 알아낸 Genie (No) 얽히고설킨 시선의 끌림 (You and me) 내게 어울리잖아 그림같이 (And when I feel you imma) 굳이 잘라 붙이고 재지 않아도 되지 이게 운명이면 (Yeah) 내 전불 맡겨 (날 맡겨) 둘만의 Trend 속 (Trend) Let me follow (Let me follow) Ay 안 놓칠게 I’m all in 자랑해 하루 종일 다른 건 필요 없어 Nothin’ anything I want you got it girl 오감이 일렁여 나만이 느낀 Exclusive 넌 나의 감성 I love it my Designer (More than perfect 작은 취향마저 best on me) 누구도 못 가질 나만을 위한 Exclusive 디테일마저 I love it my Designer (More than perfect 작은 취향마저 best on me) You’re like my Designer I like a little tighter that's my desire 내게로 come closer (Baby I want you all day all night) Meet me in rendezvous it’s like heaven 내가 못 느껴봤던 기분 yeah Out of bounds 침범하고 싶게 하지 너의 idea들을 보고 옮겨 sketching Crossing my mind walking like when you’re in Paris More than what I want 말해 뭐해 말아 you got You got what I need You got what I like 사계절을 함께해도 바래지 않아 내게 변함없는 단 한 사람 그게 너야 오감이 일렁여 나만이 느낀 Exclusive 넌 나의 감성 I love it my Designer (More than perfect 작은 취향마저 best on me) 누구도 못 가질 나만을 위한 Exclusive 디테일마저 I love it my Designer (More than perfect 작은 취향마저 best on me) Oh oh oh oh oh Oh oh oh oh oh Oh oh oh oh oh oh Oh oh oh oh oh Oh oh oh oh oh Oh oh oh oh oh oh You got it I love it Designer 
",R&B/Soul,neutral: 67.5% sadness: 22.5% anger: 2.5% love: 7.5%,sadness
37463420,RIIZE,Honestly,RIIZING - The 1st Mini Album,"
							아무리 애써 봤자 뛰지 않는 Heart 아무리 애써봐도 그대로인 걸 오히려 잘 된 것만 같아 I’m giving my love to myself 난 변할 테니까 최선을 다했으니 후회 없어 난 내 우선순위 속 넌 없어 더 이상 이젠 분명해 You gave me the alarm 내 전부였던 네게 말할게 Goodbye,You were my angel 영원하자 했던 그때의 날 잊어 Such a cruel way to end us 이젠 당겨버린 이별이란 Trigger,Honestly all I need is me 난 너 없이 더 자유로워 Free Honestly I know you didn’t see Now I can be what I just wanna be,I know you tryna reach me through my friends You know 두 번은 속지 않아 This is the end oh 실수라는 변명 따윈 No more And I don’t know why you gotta deny your feelings One of these days I know you gonna get that healing 더는 그만 괴롭혀 Overthinking and thinking Why you slipping and slipping skip it 아름답던 우리의 추억만 Keep it,You were my angel 너로 가득했던 나를 모두 지워 Such a cruel way to end us 돌이킬 수 없어 이별이란 Trigger,Honestly all I need is me 난 너 없이 더 자유로워 Free Honestly I know you didn’t see Now I can be what I just wanna be,All I need is me yeah I’ll be good for me yeah 깨달았어 네 덕분에 이제야 You were the king of my city I’ve been burning my town,너만을 비추던 내 두 눈이 이젠 더 먼 곳을 바라보지 더 이상 내 세상에 너는 없다는 걸 Cause girl I gotta tell you honestly,Honestly all I need is me 난 너 없이 더 자유로워 Free Honestly I know you didn’t see Now I can be what I just wanna be
					",R&B/Soul,sadness: 38.1% neutral: 52.4% love: 9.5%,sadness
35251904,마크툽 (MAKTUB),바달??,바달?? (OceanooM),"
							그냥 너와 바다를 보고 싶었어 특별한 이유 없이 밤을 잔에 담아 달빛에 비추면 수평선도 예쁠 것 같았어 저 바다와 별을 보며 오늘 밤 서로의 맘에 멈추자 가만히 멈추자 저 바다 어딘가에서 숨 쉬는 고래처럼 서로를 돌아 같은 꿈에 서있자 Under the Stars Blue Ocean 너에게만 주고 싶은 바다 꿈의 조류는 멈추지 않아 네가 저 별 끝에 새기는 이름 나였으면 나였으면 그냥 너와 바다를 걷고 싶었어 특별한 이유 없이 아무 말 없이 같은 노랠 들으며 맞는 바닷바람이 좋았어 저 바다와 별을 보며 아팠던 기억들을 잊어버리자 다 지워버리자 저 바다 어딘가에서 춤추는 파도처럼 꿈을 그리자 좋은 날을 그리자 Under the Stars Blue Ocean 너에게만 주고 싶은 바다 나의 마음은 마르지 않아 네가 저 별 끝에 새기는 이름 나였으면 나였으면 푸른빛 너의 바다 윤슬 위를 달이 되어 비출래 물들어 그 바닷속에 깊고 낮은 곳 너머 어둠까지 
","R&B/Soul, 인디음악",neutral: 44.4% sadness: 22.2% love: 18.5% enthusiasm: 7.4% happiness: 7.4%,sadness
37248287,PLAVE,Merry PLLIstmas,ASTERUM : 134-1,"
							Starry night 오늘을 준비했어 널 위한 노래와 크리스마스 선물들이 떨리는 내 심장소린 널 향한 연주가 되었죠,Mistletoe 우리들의 멜로디 하얀 솜 쌓여가는 이야기 따듯한 겨울눈이 falling 산타는 없죠,Say I love you Don’t leave me alone I will tell you one thing, lady 사랑에 빠져버린 것 같아,꿈을 꾼다 흰 눈이 널 닮은 이 순간 멜로 영화처럼 마침내 우린 결말이 되었죠 Christmas for you,꿈만 같아 온 세상이 멈춘 이 순간 너를 바라볼 때 눈송이가 수많은 별이 되어 반짝일 거야 사랑일까,새하얀 눈이 (펑펑) 내리는 거리 (펑펑) 만나러 가지 떨리는 아이 Christmas party,12시 지나면 종이 울릴 텐데 I swear to god I’ll love you forever babe,Say I love you Don’t leave me alone I will tell you one thing, lady 사랑에 빠져버린 것 같아,꿈을 꾼다 흰 눈이 널 닮은 이 순간 멜로 영화처럼 마침내 우린 결말이 되었죠 Christmas for you,꿈만 같아 온 세상이 멈춘 이 순간 너를 바라볼 때 눈송이가 수많은 별이 되어 반짝일 거야,눈이 내리죠 그대 올까요 혹시라도 내가 놓칠까 봐 그대가 보여 내리는 눈 사이로 ooh,꿈을 꾼다 흰 눈이 널 닮은 이 순간 멜로 영화처럼 마침내 우린 결말이 되었죠 Christmas for you,꿈만 같아 온 세상이 멈춘 이 순간 너를 바라볼 때 눈송이가 수많은 별이 되어 반짝일 거야,Merry Christmas,
",R&B/Soul,happiness: 12.5% neutral: 43.8% sadness: 6.2% enthusiasm: 18.8% anger: 9.4% love: 9.4%,enthusiasm
35223435,세븐틴 (SEVENTEEN),IF you leave me,SEVENTEEN 4th Album 'Face the Sun',"
							먼 훗날에 만약 네가 떠난다면 난 아마 살지 못할 거야 먼 훗날에 아냐, 그냥 생각 안 할래,잠시 떨어져 있었던 시간도 내 마음을 소란스럽게 만드는데 일어나지 않을 일인 걸 알지만 상상만으로도 눈물이 나,IF you leave me babe oh no IF you leave me babe 내 눈물이 비가 되어서 내려 사계절을 멈추지 않고 잠길 거야,IF you leave me (내가 뭘 할 수 있을까요) 내 모든 날에 (살아 숨 쉬는 이유는 너인데) 고장 났던 (마음이) 시간들이 (내 세상이) 다시 움직이게,숨이 턱 끝에 차도록 너에게 달려 어두운 그림자가 내린 밤에 (넌 내게 유일해서 다른 것과 바꿀 수가 없잖아) 내가 네 곁을 지킬게 영원한 시간으로,넌 내게 (유일해) 내 맘을 (아는) 안아줘 (나를) 더 너 없는 내일은 싫어 (I need you, I love you, only you baby) 너라는 세상에 나라서 무얼 줘도 아깝지가 않아 우리 이대로 영원하기를,IF you leave me babe oh no IF you leave me babe  내 눈물이 비가 되어서 내려 사계절을 멈추지 않고 잠길 거야,IF you leave me (내가 뭘 할 수 있을까요) 내 모든 날에 (살아 숨 쉬는 이유는 너인데) 고장 났던 (마음이) 시간들이 (내 세상이) 다시 움직이게,숨이 턱 끝에 차도록 너에게 달려 어두운 그림자가 내린 밤에 (넌 내게 유일해서 다른 것과 바꿀 수가 없잖아)  내가 네 곁을 지킬게 영원한 시간으로 너의 손을 꼭 잡고 있고 싶어 그냥 내 곁에 있어줘
					",R&B/Soul,neutral: 63.9% love: 13.9% sadness: 19.4% anger: 2.8%,sadness
37116940,소수빈,머물러주오 (Prod. 안신애 & Philtre),싱어게인3 - 무명가수전 Episode.12,"
							홀로 눈 뜬 이 밤 그대를 안고  지새우는 이 방 공기는 얕고  지나가는 시간 어디로 가는지  알면서도 모르는 척 ,함께 눈을 뜨는 아침은 밝고  개어오는 하늘 햇살은 맑고  흘러가는 시간 머물러주오  그대로 머물러주오 ,머물러주오  날 안아주오  한순간이라도 완전할 수 있도록  오 그대여 ,유난히도 힘든 시간은 가고  선물처럼 발견한 것들도  잡고 있다가도 놓아야겠지  내 것이 아닌 것처럼 ,머물러주오  날 안아주오  한순간이라도 완전할 수 있도록  오 그대여 ,유난히도 힘든 시간은 가고  선물처럼 찾아온 것들로 한동안 또 나는 살아가겠지  아무 일 없던 것처럼  늘 그래왔던 것처럼  그대로 머물러주오 
",R&B/Soul,sadness: 20.0% neutral: 80.0%,sadness
38277479,고추잠자리,너라는 별,너라는 별,"
							가로등 불빛 아래 골목길 남몰래 주고 받았었던 쪽지 상냥한 너의 말투에 바보같이 나 웃을때 괜히 떨리는 마음이 이상해,이젠 그만 놓을게 그렇게 네게서 돌아선 그 날 끝이라는 생각에 내 마음은 더 복잡하기만 해 (널 잃고 싶지 않게) 다시 가깝게 한 발 더 갈 수 있다면 뭘 더 바랄 거 같지가 않아 난,어디로 갈지 몰라서 여기 너라는 별 아래서 길을 잃고 헤메이고 있잖아 아무말이나 해봐 받아들일 수 있게끔만 전부 바보같이 들릴 수 있지만 좋아해 널,어려워 아닌척 한다는건 마주하면 설레는 마음이 보일까 말은 진심과 반대로 나오기만해 어째서 아리송한 너의 표정에 난 헷갈리고 있어 잠 못드는 밤 내일 보자는 인사 뒤 네 쪽만 봐 (내가 나를 봐도 별론데) 이미 너무 커져버린 것 같아 다시 가깝게 한 발 더 갈 수 있다면 뭘 더 바랄 것 같지가 않아 난,어디로 갈지 몰라서 여기 너라는 별 아래서 길을 잃고 헤메이고 있잖아 아무말이나 해봐 받아들일 수 있게끔만 전부 바보같이 들릴 수 있지만 좋아해 널,머뭇거리다가 널 봐 이대로 멈추면 안될까 말 한마디 조차도 못하면서 내게서 멀어질까봐 싫다고 도망칠까봐 전부 바보같이 보일 수 있지만 좋아해 널
					",R&B/Soul,love: 22.2% neutral: 63.9% sadness: 11.1% anger: 2.8%,love
36136159,박재범,Love Is Ugly (Feat. 화사),Yesterday,"
							Love is ugly sometimes 아름다울 수는 없어 Love is ugly sometimes 항상 좋을 수는 없어 못 할 말도 다 하고 좀 뭐 같애 너와 함께라면 baby it’s ok 못 볼 꼴도 다 보고 좀 이상해 같이 못난 거니까 girl it’s ok It’s ok it’s ok It’s ok it’s ok 가끔씩 줬던 세상을 뺏어 부시고 싶어 Oh oh oh oh oh Oh oh oh oh oh Oh oh oh oh oh Oh oh oh oh 째려보면서 짜증 내 sometimes 옆에 있어도 등을 돌려 all night 죽도록 밉지만 너 없이 겁나 서로 흠이 많아도 너는 내 거야 다 의미 없어 쓸데없는 자존심 baby 너와 같이라면 지옥까지 따라갈게 Love is ugly sometimes 아름다울 수는 없어 Love is ugly sometimes 항상 좋을 수는 없어 특별하게 해줘 넌 나를 유일하게 만들어 아프게도 하지만 너의 모든 것이 물들어 It's ok it's ok 가끔은 날 미치게 하지만 It's ok it's ok 오직 너뿐이란 걸 내게 집이 되어주잖아 째려보면서 짜증 내 sometimes 옆에 있어도 등을 돌려 all night 죽도록 밉지만 너 없이 겁나 서로 흠이 많아도 너는 내 거야 다 의미 없어 쓸데없는 자존심 baby 너와 함께라면 지옥까지 따라갈게 Oh oh oh oh oh Oh oh oh oh oh Oh oh oh oh oh Oh oh oh oh Baby there ain’t nothing I won’t do for u 영원하기를 바래 Love is ugly sometimes 아름다울 수는 없어 Love is ugly sometimes 항상 좋을 수는 없어 
",R&B/Soul,sadness: 63.0% neutral: 25.9% anger: 7.4% love: 3.7%,sadness
36243316,KIXO (키조),내가 바보라서 그래?,내가 바보라서 그래?,"
							도무지 알수가 없어 네 맘이 바뀐 이유 내게 살짝 말해줄래 도대체 왜 이제와서 날 무시하는건데 무슨 잘못이 있는데 내가 바보라서 그래 멍청해서 그래 그것도 아님 넌 왜 내가 소심해서 그래 집착이 심해 그래 내게 말이라도 해줘 I love you I still love you 내 전부를 다 가져가도 돼 I love you l still love you 그래도 난 널 사랑하니까 약속해 내게 이 노랠 듣고 내 손을 잡아준다고 아무 일 없던것처럼 안아줘 baby 이 노랠 듣고 내 눈을 바라본다고 내 곁에 있어준다고 내가 바보라서 그래 멍청해서 그래 그것도 아님 넌 왜 내가 소심해서 그래 집착이 심해 그래 내게 말이라도 해줘 I love you I still love you 내 전부를 다 가져가도 돼 I love you l still love you 그래도 난 널 사랑하니까 Calling me whenever Calling me my baby Calling me whenever Never ever be alone Calling me whenever Calling me my baby Calling me whenever Can I be your lover Can I be your baby Can I be your lover Can I be your lover Can I be your baby Can I be your lover 
","R&B/Soul, 인디음악",sadness: 25.0% love: 30.0% anger: 15.0% neutral: 20.0% happiness: 10.0%,love
30383758,종현 (JONGHYUN),Lonely (Feat. 태연),종현 소품집 '이야기 Op.2',"
							미안해 내 탓이야 고마워 덕분이야 툭하면 내뱉던 네 그 말버릇 너도 힘든 걸 난 다 아는데 아마 넌 내가 바본 줄 아나 봐 우는 얼굴로 나 힘들다 하면 정말 나아질까 그럼 누가 힘들까 아프다 징징대면 모두 다 괜찮아지는데 아마 너와 난 착각 속에 서로를 가둬둔 지 몰라 아냐 너는 날 이해 못 해 걱정 어린 네 눈을 볼 때면 Baby I’m so Lonely so Lonely 나는 혼자 있는 것만 같아요 지친 널 볼 때면 내가 너에게 혹시 짐이 될까 많이 버거울까 Baby I’m so Lonely so Lonely 나도 혼자 있는 것만 같아요 그래도 너에게 티 내기 싫어 나는 혼자 참는 게 더 익숙해 날 이해해줘 우린 함께 있지만 같이 걷질 않잖아 외로움과 괴로움 기억 하나 차인 건데 넌 왜 자꾸 다르게만 적으려 하는 건지 Baby I’m so Lonely so Lonely 나는 혼자 있는 것만 같아요 그래도 너에게 티 내기 싫어 나는 혼자 참는 게 더 익숙해 날 이해해줘 날 내버려 둬 Baby I’m so Lonely so Lonely 나는 혼자 있는 것만 같아요 Baby I’m so Lonely so Lonely 나도 혼자 있는 것만 같아요 그래도 너에게 숨기기 싫어 나는 혼자 참는 게 더 익숙해 날 이해해줘 
",R&B/Soul,love: 9.7% sadness: 41.9% neutral: 38.7% anger: 9.7%,sadness
36595582,JUNNY (주니),INVITATION (Feat. 개코),INVITATION (Feat. 개코),"
							Won’t you crawl up in this bed with me Cozy up in these sheets girl Turn on whatever you please yeah Look I’ma keep it simple If you could take this invitation And just come over mine I’ll let you decide If you wanna just say so,Stay through the night just me &amp; you 해 뜰 때까지만 baby 곁에 있어줘 I just wanna get close to you All I wanna do is take you to my place,Countin 3,4,5 and 리듬 맞춰 we vibin Gettin paid so I can treat you to a fine and dine in 널 위한 chauffeur Just for you to come over 오늘 밤만큼은 이 기횔 안 놓치고 싶어 Make you just want more Reasons, 뭐 없어 마음만 알아줘 yeah,짜릿한 our connection Do you feel inside? Baby it’s the love So now all I can say is,Stay through the night just me &amp; you 해 뜰 때까지만 baby 곁에 있어줘 I just wanna get close to you All I wanna do is take you to my place, 벌써 몇 달째인지도 모르겠어 우리 사이에 거리는 보수적 오늘은 계산을 하지 말자 복잡해 머릿속에 소수점  아껴둔 술과 음악과 소파가 있어 cozy한 Atmosphere  엎질러진 상황에 취하고 어지러워 Don’t take it personal  차가운 세상을 벗어나 공간의 풍경은 고즈넉해지고 대화는 전보다 서슴없이 (Yeah) 속도는 멈춤 없이 drivin 조명을 아래로 내려 마음이 가는 대로 올라타 차례대로,Stay through the night just me &amp; you 해 뜰 때까지만 baby 곁에 있어줘 I just wanna get close to you All I wanna do is take you to my place,My invitation A celebration (Celebrate, yeah) 준비는 다 돼있어  Let me show you  (Let me show you) My invitation A celebration All I wanna do is take you to my place (Oh),Girl if you need Just take your time No need to rush Im all in on you I got what you like I see it in your eyes You know this is my invitation,Stay through the night just me &amp; you 해 뜰 때까지만 baby 곁에 있어줘 I just wanna get close to you All I wanna do is take you to my place (All I wanna do is take you there),My invitation A celebration (Celebrate, yeah) 준비는 다 돼있어 Let me show you (Let me show you) My invitation A celebration All I wanna do is take you to my place 
",R&B/Soul,neutral: 80.0% sadness: 15.0% anger: 5.0%,sadness
38282152,Paul Blanco,툭 꺼낸 말에는 오히려 거짓 없으니까,툭 꺼낸 말에는 오히려 거짓 없으니까 (비밀 사이 X Paul Blanco),"
							사실은 내가 하고 싶은 말 불편한 오해들로 하지 못한 말 맘의 문을 닫아 혼자 남아 뒤늦게 뱉어 봐 널 사랑한단 말 늘 표현이 서툴러서 널 다치게 해버려서 그만 어긋난 선택할 수밖에 밤을 새며 너를 그리고 그러다가 겨우 잠이 들고 마네 다시 어루만지고 싶어 네가 있는 방에 꿈에라도 가네 돌아와 주면 안 될까 믿기 어려운 말이지만 툭 꺼낸 말에는 오히려 거짓 없으니까 Wooh Wooh Wooh Wooh Wooh Wooh Wooh Wooh Baby I'll be missing you Wooh Wooh Wooh Wooh Wooh Wooh Wooh Wooh Because I love you without you 너무 보고 싶어 그래 너를 잊지 못해 하루도 니 생각을 빼놓지 않고 해 헤어진 이유 떠올려 보고 다 내 잘못이란 걸 알았나 봐 미안 늘 사랑에 비틀대던 나 그땐 취한 것처럼 제정신이 아니었어 밤을 새며 너를 그리고 그러다가 겨우 잠이 들고 마네 다시 어루만지고 싶어 네가 있는 방에 꿈에라도 가네 돌아와 주면 안 될까 믿기 어려운 말이지만 툭 꺼낸 말에는 오히려 거짓 없으니까 Wooh Wooh Wooh Wooh Wooh Wooh Wooh Wooh Baby I'll be missing you Wooh Wooh Wooh Wooh Wooh Wooh Wooh Wooh Because I love you without you 너무 보고 싶어
					","R&B/Soul, 애니메이션/웹툰",neutral: 55.6% sadness: 22.2% love: 14.8% enthusiasm: 7.4%,sadness
35283633,폴킴,One More Time,Star,"
							차가워진 바람이 반가워질 때쯤 난 많은 생각에 잠겨 헤매이고 있어 시간은 너무 빨라 따라잡을 수 없고 그저 괜찮은 척 나 웃을 뿐야 어딘가 부족한 노력인지 무엇을 더 해야 할지 고민만 I can only blame myself But that doesn’t mean I’m ok 햇살은 비추고 너는 나만 바라봐 이 기분 yeah Cause everybody needs a place to hide 이러고 나면 다 정말 괜찮을걸 다시 힘을 내서 걸어가 그럴 수 있어 난 One More Time bae babe One More Time bae babe One More Time bae babe 잘하고 있다 스스로 위로했는데 예전 그대 모습 그대로 같아 참 바보 같지 어쩔 줄 몰라 서성이는 내가 한심하지 할 수 있는 게 없다는 게 I’m stuck here by myself But that doesn’t mean you're not alone 햇살은 비추고 너는 나만 바라봐 이 기분 yeah Cause everybody needs a place to hide 이러고 나면 다 정말 괜찮은걸 다시 힘을 내서 걸어가 그럴 수 있어 난 달려가고만 싶은데 빨간불이 너무 많아 숨이 가빠 오는데 난 Breath in Breath in 숨을 참고 버티기엔 너무 멀리 와버린 걸까 나 눈을 떠 햇살은 비추고 너는 나만 바라봐 이 기분 yeah Cause everybody needs a place to hide 이러고 나면 다 정말 괜찮은걸 다시 힘을 내서 걸어가 그럴 수 있어 난 One More Time bae babe One More Time bae babe One More Time bae babe One More Time bae babe One More Time bae babe One More Time bae babe 
",R&B/Soul,neutral: 63.0% sadness: 11.1% love: 14.8% enthusiasm: 11.1%,love
37003912,태연 (TAEYEON),Melt Away,To. X - The 5th Mini Album,"
							Tell me what you feeling 헤맬지도 몰라 Maybe 그러니까 맡겨 봐 닿아볼게 Deep end 너도 너를 속여버린 맘,차가웠던 너의 눈빛이 Melt melt slowly 긴장감은 어느새 Fast Fast 널 웃게 하지,넌 투명한 Ice (깊은 곳에 숨겨진 너도 모르는) 난 내리쬐는 Sun (네 마음을 꺼내지 난 당연하듯),밀려오는 파도 속에 허우적거려도 Not bad 녹아내려 넌 나에게,내게 사로잡혀 있는 Eyes 맘껏 휘둔 짜릿한 순간 틈 없이 완벽히 스며와 Everything nice,얼어있던 너의 표정이 Melt melt slowly 순식간에 휩쓸려 Fast Fast 또 휘청이지,넌 투명한 Ice (깊은 곳에 숨겨진 너도 모르는) 난 내리쬐는 Sun (네 마음을 꺼내지 난 당연하듯),밀려오는 파도 속에 허우적거려도 Not bad 녹아내려 넌 나에게,바닥까지 모조리 벗겨내 Easily 선명해진 네 맘이 말을 해 Be here with me,네 온도를 바꿔놓은 듯해 Melt melt slowly 아무것도 남지 않게 Hey 다 가져갈게,반짝이는 Ice (깊은 곳에 숨겨진 너도 모르는) 난 너를 비춘 Sun (네 마음을 꺼내지 난 당연하듯),너를 깨운 열기 속에 사라지는 것도 Not bad 녹아내려 넌 나에게 Yeah
					",R&B/Soul,neutral: 50.0% love: 38.5% sadness: 7.7% happiness: 3.8%,love
32999763,Crush,놓아줘 (with 태연),with HER,"
							똑같은 하루 아무 표정 없는 날들 지켜보는 것도 버거워 여기까지인 것 같다고 닿을 수 없단 걸 알고 있잖아 너도 놓아줘 나를 묶고 있는 너의 마음 아픔은 늘 나의 몫인 걸 목이 메어 내뱉는 이 말도 너 대신 할게 놓아줘 너를 묶고 있는 나의 마음 쉽게 아물지는 않겠지만 함께 만든 추억 다 잊어 놓아 이젠 날 놓아줘 모른 척 했어 점점 바래진 내 마음을 벌어진 틈새로 널 보며 그저 고개만 돌렸어 너무 멀리 왔다는 걸 알고 있잖아 서로 놓아줘 나를 묶고 있는 너의 마음 아픔은 늘 나의 몫인 걸 목이 메어 내뱉는 이 말도 너 대신 할게 놓아줘 너를 묶고 있는 나의 마음 쉽게 아물지는 않겠지만 함께 만든 추억 다 잊어 놓아 이젠 날 놓아줘 이제는 안녕 애써 돌아보지 마 날 위한다면 이제는 안녕 나 먼저 갈게 돌아봐 이제는 안녕 눈물이 흐를 즈음에 난 속삭여 이제는 안녕 
",R&B/Soul,sadness: 29.6% neutral: 48.1% love: 22.2%,sadness
36892801,세븐틴 (SEVENTEEN),하품,SEVENTEEN 11th Mini Album ‘SEVENTEENTH HEAVEN',"
							지나가는 달 위로 멀어지는 공기가 언제 이렇게 차가워졌나 ,이젠 정말 잊어야 하나 봐 연습한다 해도 안 되겠지 그야 전부였는걸,동동 구른 발걸음 나에 대한 낙서만 가득한 마음 종이에 적어둔 부탁이 있어,널 미워하지 마 좋은 선택이었단 걸 너도 알잖아 그렇게 아픈 걸 말도 못 하고 혼자 끙끙댔을걸,내가 모를 리가 없잖아 넌 나의 숨이니까 미안해하지 마 그저 모자람에 나오는 하품 같은 거야,동동 구른 발걸음 나에 대한 낙서만 가득한 마음 종이에 그려온 바람이 있어   ,널 미워하지 마 좋은 선택이었단 걸 너도 알잖아 그렇게 아픈 걸 말도 못 하고 혼자 끙끙댔을걸,내가 모를 리가 없잖아 넌 나의 숨이니까 미안해하지 마 그저 모자람에 나오는 하품 같은 거야,하품 하품,나를 숨 쉬게 하던 건  온통 너로 가득했어  네가 없는 나의 마음 모자람은 구멍 난 아픔 같은 거야 
",R&B/Soul,neutral: 48.1% sadness: 44.4% love: 7.4%,sadness
34899080,휘인 (Whee In),D-DAY,D-DAY,"
							다가섬이라 적힌 단어 속에 Yeah 설레임과 두려움이 겹쳐 내겐 It’s hard to say 이런 나도 네 앞에만 서면 마음을 먹게 되고 또 I swear yeah I say 넌 나만 믿어 그럼 돼 투명한 베일 네 마음속에 널 드러내 내게 와도 돼 어제와 내일 사이에 오늘을 기다렸어 D DAY 3 2 1 줄이며 세어가던 숫자를 뒤집어 앞으로 더해 1 2 3 Counting numbers in the mood Babe don’t be such a fool 내일이 오기 전에 우리라 부르는 거 어때 기다리던 D DAY NA NA NA NA NA NA NA NA NA NA NA NA NA NA NA NA NA NA NA NA NA NA NA NA NA NA NA NA NA NA 시작이라 적힌 단어 속 Yeah 사라짐과 새김이 섞여 난 겁이 많고 눈물이 나도 너만 있으면 또 I swear yeah I say I’m your butterfly 투명한 베일 네 마음속에 널 드러내 내게 와도 돼 어제와 내일 사이에 오늘을 기다렸어 D DAY 3 2 1 줄이며 세어가던 숫자를 뒤집어 앞으로 더해 1 2 3 Counting numbers in the mood Babe don’t be such a fool 내일이 오기 전에 우리라 부르는 거 어때 기다리던 D DAY 쓰고 지워 내길 반복하던 난 이제 너만 그려 아물 상처조차 싫던 날 너로 빈틈 없이 너라서 기다렸어 다가서 3 2 1 나를 닮은 너를 만나 손을 잡고 앞으로 걸어 1 2 3 Counting numbers in the mood Babe don’t be such a fool 내일이 오기 전에 우리라 부르는 거 어때 기다리던 D DAY NA NA NA NA NA NA NA NA NA NA NA NA NA NA NA NA NA NA NA NA NA NA NA NA NA NA NA NA NA NA 기다리던 D DAY NA NA NA NA NA NA NA NA NA NA NA NA NA NA NA NA NA NA NA NA NA NA NA NA NA NA NA 기다리던 D DAY 
",R&B/Soul,love: 28.6% anger: 7.1% neutral: 53.6% sadness: 10.7%,love
34754301,강승윤,BORN TO LOVE YOU,BORN TO LOVE YOU,"
							길었던 너와의 추억들이 어쩌면 아픔들이 빠르게 지나가고 이윽고 또 해가 저물면 침대에 누우면 하루를 원망하고 맞아 난 실수를 하고 너와 나 남남이 돼도 걱정 마 아니 좀 해줘 미안해 어떻게 널 잊겠냐고 I was born to love you But now we hate each other 미안해 늘 반복해도 I was born to love you So give me a chance 난 늘 후회해 널 I was born I was born to love you I was born I was born to love you Yeah I was born to love you 시간이 지날수록 날 믿지 못하는 널 지켜볼 수 없어 You’re the best mistake I ever had 미안해 내가 이거밖에 안돼 맞아 나는 실수를 했고 너와 내가 남남이 돼도 할 말이 없어 큰 상처를 남겨서 미안해 어떻게 널 잊겠냐고 I was born to love you But now we hate each other 미안해 늘 반복해도 I was born to love you So give me a chance 난 늘 후회해 널 어떤 말이라도 내게 해줘 Give me a chance give me your love 익숙하지 않은 이 공기 멈춘 이 시간이 너인 걸 아무리 생각해도 너인 걸 아직 난 너만 반복되고 있는데 I was born I was born to love you I was born I was born to love you 
",R&B/Soul,love: 9.5% sadness: 38.1% neutral: 47.6% anger: 4.8%,sadness
34626114,태연 (TAEYEON),Siren,INVU - The 3rd Album,"
							Falling deep deep 어디까지 깊어질진 나도 몰라 처음부터 빠뜨릴 그런 계획은 아니었어,잔뜩 헝클어진 호흡과 내게 고정되어 버린 두 눈 굳이 말하지 않아도 난 다 알 것 같아 지금 너의 맘은 나를 원해,넌 나에게 애원하지만 그런 너를 난 가만히 바라봐 그 가슴에 계속해서 불 질러 무모한 모험을 시작한 너 Keep sinking down 더 빠져들어 가,I can hear the siren 너도 들리니 예고 없이 온 맘을 뺏긴 네가 가여워져,빠지고 빠져도 끝없이 잠기기만 해 채우고 채워도 계속돼 날 향한 갈증 Hear the siren 난 좀 위험해,잔인한 Fantasy 널 구원할 듯 해치는 내 모든 몸짓은 유일한 네 Medicine 품에 안는 순간 또 물거품이 돼 버려,치솟는 아드레날린 Come catch me if you can 입을 맞춰도 영원히 나를 가질 순 없으니,넌 나에게 손을 뻗지만 그런 너를 난 가만히 바라봐 그 가슴에 계속해서 불 질러 도저히 헤어나지 못해 넌 Keep sinking down 더 빠져들어 가,I can hear the siren  너도 들리니 예고 없이 온 맘을 뺏긴 네가 가여워져,빠지고 빠져도 끝없이 잠기기만 해 채우고 채워도 계속돼 날 향한 갈증 Hear the siren 난 좀 위험해,Silence coming for us 고요한 정적에 더 아득해질 때 네 영혼의 깊은 곳까지 나로 다 적시어 너를 가둘게 영원히 내 곁에,I can hear the siren 너도 들리니 예고 없이 온 맘을 뺏긴 네가 가여워져,빠지고 빠져도 끝없이 잠기기만 해 채우고 채워도 계속돼 날 향한 갈증 Hear the siren 난 좀 위험해
					",R&B/Soul,neutral: 65.8% love: 13.2% sadness: 21.1%,sadness
36078779,투모로우바이투게더,Tinnitus (돌멩이가 되고 싶어),이름의 장: TEMPTATION,"
							Yeah yeah Buzzing sound 윙 Baby I just wanted to be, wanted to be hot stuff 매일 party like the weekend 물 만난 듯이 볼륨을 higher 하루 끝 feed is a disaster 잔뜩 필터 씌운 지난밤이 넘쳐 순간 새어 나온 한숨 I know that I can't be a rockstar 두 귀를 막아봐도 멍 더 커진 텅 빈 소리 먹먹하지 어항 속에 잠긴 듯이 멍 이명이 턱 차오지 공허한 소음 속에 Feel so lonely Rockstar에 별 빼 Just a rock, okay? 꿈을 꿨었네 뭣도 모른 채 시끄러웠던 새벽 그 끝에는 공허 귓가를 채운 tinnitus 잠긴 듯해 먹먹 Yeah I want it, want it, want it, want it, want it, want it  yeah 그저 난 lonely, lonely, lonely, lonely yeah 그냥 돌멩이 나는 없어 그런 talent, 깊은 사연 인정 I’m not a ‘born to be’ 내가 봐도 특별한 뭔간 아냐 반짝이던 dream은 깎여 나간 지 오래 Wasting every second 난 돌멩이나 될래 파티가 끝난 후면 멍 더 커진 텅 빈 소리 먹먹한 귀 어항 속에 잠긴 듯이 멍 이명이 턱 차오지 공허한 소음 속에 Feel so lonely Wanna live 갓생 But I’m bit 나태 뭘까 내 존재 Give me an answer 돌멩이도 난 뭐 좋은 것 같아 그저 굴러가는 게 나만의 rock ‘n’ roll Yeah I want it, want it, want it, want it, want it, want it  yeah 그저 난 rollin', rollin', rollin', rollin' yeah 그냥 돌멩이 Want it, want it, want it, want it, want it yeah 그저 난 rollin', rollin', rollin', rollin' yeah 그냥 돌멩이? 
",R&B/Soul,neutral: 66.7% sadness: 20.8% enthusiasm: 4.2% happiness: 4.2% love: 4.2%,sadness
35224330,WSG워너비 조별경연 (할미봉),Break Away,WSG워너비 조별경연,"
							이젠 날 떠나가줘 이젠 날 다 잊어줘 나를 버리고 살아가 줘 가져간 내 사랑을 내게 돌려줘 차라리 떠났다면 차라리 죽었다면 어쩔 수 없이 참을 텐데 이대로 견디기가 너무 힘들어 단 한 번 나를 봐주기를 말을 해 주기를 예전처럼 단 한 번만 그렇게 너를 기다리고 너를 사랑해왔는데 Break away No I can wait 내가 널 보내줄 게 편하게 I'll make my way I throw my pain 이제 난 너 없이도 살 수 있게 널 떠나 맘 편하게 널 떠나 행복하게 이젠 내 안에 너를 버려 널 위해 힘들었던 지난날은 지웠어 우연히 나를 보더라도 나를 지나쳐줘 너를 잊은 나를 위해 날 위해 혹시 너 말을 걸어와도 나는 모른 체 할 테니 Break away No I can wait 내가 널 보내줄 게 편하게 I'll make my way I throw my pain 이제 난 너 없이도 살 수 있게 갑자기 니가 또 생각나 널 떠난 거란 걸 잊고서 내가 널 찾아도 넌 모르는 척 누굴 찾아왔냐고 또 다시 날 돌아서 줘 I'll make my way I throw my pain 다시 널 바라보고 살 순 없어 Break away No I can wait 이제 날 다 버리고 떠나줘 I'll make my way I’ll make my way I throw my pain I throw my pain 처음부터 넌 없었던 사람처럼 Break away 
",R&B/Soul,neutral: 48.3% sadness: 31.0% love: 13.8% enthusiasm: 3.4% happiness: 3.4%,sadness
37048498,PLAVE,Merry PLLIstmas,Merry PLLIstmas,"
							Starry night 오늘을 준비했어 널 위한 노래와 크리스마스 선물들이 떨리는 내 심장소린 널 향한 연주가 되었죠 Mistletoe 우리들의 멜로디 하얀 솜 쌓여가는 이야기 따듯한 겨울눈이 falling 산타는 없죠 Say I love you Don’t leave me alone I will tell you one thing, lady 사랑에 빠져버린 것 같아 꿈을 꾼다 흰 눈이 널 닮은 이 순간 멜로 영화처럼 마침내 우린 결말이 되었죠 Christmas for you 꿈만 같아 온 세상이 멈춘 이 순간 너를 바라볼 때 눈송이가 수많은 별이 되어 반짝일 거야 사랑일까 새하얀 눈이 (펑펑) 내리는 거리 (펑펑) 만나러 가지 떨리는 아이 Christmas party 12시 지나면 종이 울릴 텐데 I swear to god I’ll love you forever babe Say I love you Don’t leave me alone I will tell you one thing, lady 사랑에 빠져버린 것 같아 꿈을 꾼다 흰 눈이 널 닮은 이 순간 멜로 영화처럼 마침내 우린 결말이 되었죠 Christmas for you 꿈만 같아 온 세상이 멈춘 이 순간 너를 바라볼 때 눈송이가 수많은 별이 되어 반짝일 거야 눈이 내리죠 그대 올까요 혹시라도 내가 놓칠까 봐 그대가 보여 내리는 눈 사이로 ooh 꿈을 꾼다 흰 눈이 널 닮은 이 순간 멜로 영화처럼 마침내 우린 결말이 되었죠 Christmas for you 꿈만 같아 온 세상이 멈춘 이 순간 너를 바라볼 때 눈송이가 수많은 별이 되어 반짝일 거야 Merry Christmas
					",R&B/Soul,happiness: 12.5% neutral: 50.0% sadness: 6.2% enthusiasm: 18.8% anger: 9.4% love: 3.1%,enthusiasm
34536107,휘인 (Whee In),오묘해,WHEE,"
							오묘해  내게 갇힌 듯 아닌 Your Eyes  너의 Poker Face Oh I Don’t Know Your Mind 깊이 섞일 듯 말 듯 한 맘  (Oh I Don’t Wanna Let You Down), 스쳐간 찰나도  느리게 Rewind 의미를 새겨  지우지도 못해,Talk To Me Softly  너를 오롯이 내 귀에 속삭여  네 맘을 말해줘, 넌 어딘가 묘해  뭔가 좀 이상해 자꾸 오묘하게  몰래 마음이 닿아 닿아 조금 더 숨겨도 돼 I Can Stand Everyday 신경 쓰이는 게 좋아  넌 참 묘해, Come Around Come Around Come Around Come Around Come Around Come Around You Make Me Happy Make Me Happy ,Come Around Come Around Come Around Come Around Come Around Come Around You Make Me Happy Make Me Happy , 오묘해 (I’ve Been Curious) 문이 닫힌 듯 열린 공간 (닿을 듯 말 듯 아슬한),끝이 없는 TEST Oh I Don’t Know Your Mind (Woo Woo) 올라간 듯 아닌 밝은 Your Smile I Really Don’t Want To Know, 스쳐간 찰나도  느리게 Rewind 의미를 새겨  지우지도 못해 Talk To Me Softly 너를 오롯이 내 귀에 속삭여  네 맘을 말해줘, 넌 어딘가 묘해  뭔가 좀 이상해 자꾸 오묘하게  몰래 마음이 닿아 닿아 조금 더 숨겨도 돼 I Can Stand Everyday 신경 쓰이는 게 좋아 넌 참 묘해, 시간이 지나면 이 적당한 순간이 그리울 거야 무언가 피어오를 듯 오묘한  이 온도를 새겨둬, 넌 갸웃하게 돼 날 서두르게 해 깊게 스며든 채 맘이 앞서 가-가,조금 더 숨겨도 돼 I Can Stand Everyday 신경 쓰이는 게 좋아  넌 참 묘해, Come Around Come Around Come Around Come Around Come Around Come Around You Make Me Happy Make Me Happy ,Come Around Come Around Come Around Come Around Come Around Come Around You Make Me Happy Make Me Happy
					",R&B/Soul,love: 17.9% neutral: 67.9% sadness: 14.3%,love
36391238,세븐틴 (SEVENTEEN),I Don't Understand But I Luv U,SEVENTEEN 10th Mini Album ‘FML',"
							When I Saw you 멈춰버린 공간 예민해진 감각 오직 너 하나 보일 때 내 마음은 내 눈마저 Jealousy Oh Baby Cause I U-O-O-W-O-O-W-O-O 깊은 숲속의 파도 너는 내게 유일무이 기타의 선율 간절히 원함을 다시 피어나게 해줄 짙은 향 속에 날 Zoom (Hoo) 어지러운 단어 사이 지워질까 더 겁나 U-O-O-W-O-O-W-O-O 다른 언어와 다른 시간도 이해하지 않아도 다 알 수 있어 둘만이 비밀로 공유한 Password 우리 둘을 열어줘 세상에 존재하는 모든 말 Yeh 우리 둘만 아는 모습으로 충분해 내 모든 욕심으로 커져가는 감정의 파형으로 Yeh 알잖아 우리 사이엔 말보다 더 중요한 게 있잖아 I Don’t Understand But I Luv But I Luv U I Don’t Understand But I Luv But I Luv U I Don’t Understand But I Luv But I Luv U I Don’t Understand But I Luv But I Luv U 두 눈을 감고서 바라봐 느껴져 보란 듯이 너와 나 시간의 구애는 받지 않아 Any Day 둘이 있는 Anywhere Woo Wuh Love Missile 파동 위로 원 Smoke Smoke 피어올라라 S2 이해하지 않아도 알 수 있어 너 언어의 장벽은 그저 거품 알잖아 넌 나도 날 Don’t Believe Me But 넌 날 믿어 줬지 난 너의 안에서 오직 피어오른 꽃 지펴라 불꽃 다른 언어와 다른 시간도 이해하지 않아도 다 알 수 있어 둘만이 비밀로 공유한 Password 우리 둘을 열어줘 세상에 존재하는 모든 말 Yeh 우리 둘만 아는 모습으로 충분해 내 모든 욕심으로 커져가는 감정의 파형으로 Yeh 알잖아 우리 사이엔 말보다 더 중요한 게 있잖아 I Don’t Understand But I Luv But I Luv U I Don’t Understand But I Luv But I Luv U I Don’t Understand But I Luv But I Luv U I Don’t Understand But I Luv But I Luv U 
",R&B/Soul,neutral: 85.3% love: 8.8% anger: 5.9%,love
31843000,Colde (콜드),와르르 ♥,Love Part 1,"
							가만 보면 너는 진짜 너무해 때론 날 무심하게 내팽게 친 채 불안함이란 벌을 내려줘 그럴 때면 난 길을 잃은 강아지가 돼 고개를 푹 숙인 채 걷네 그냥 난 네 품에 안겨있고 싶은데 날이 선 너의 말들에 찔려서 피가 났어 난 근데 걱정은커녕 혼자 낫는 법을 너는 알려줘 그러다가도 헷갈리게 가끔은 예쁨을 내게 줘 그럴 때면 나는 어떻게 해야 될지 몰라 난 와르르 무너지고 말아 나의 맘은 와르르 내게 이러지마 baby 너 없는 하루는 상상하기 조차 싫은 걸 아무것도 할 수 없을 걸 난 바보가 돼버릴거야 Baby 와르르 무너지고 말아 나의 맘은 와르르 내게 이러지마 baby 너 없는 하루는 상상하기 조차 싫은 걸 아무것도 할 수 없을 걸 난 바보가 돼버릴거야 분명히 나는 얘기했어 그 날 너에게 사랑을 말할 때 어떤 순간들이 우리를 찾아와도 흔들리지 않기로 해 근데 넌 파도를 타듯 ay 내 맘을 마구 휘젓네 ay 나 가라앉지 않게 구명조끼라도 줘 사랑은 나를 시험해 난 밀린 숙제 검사를 맡네 도저히 못 풀겠을 땐 그냥 너가 좀 알려줘 yeah 정답을 알게됐을 땐 환한 미소를 내게 줘 나를 정신 못 차리게 만들어줘 난 와르르 무너지고 말아 나의 맘은 와르르 내게 이러지마 baby 너 없는 하루는 상상하기 조차 싫은 걸 아무것도 할 수 없을 걸 난 바보가 돼버릴거야 Baby 와르르 무너지고 말아 나의 맘은 와르르 내게 이러지마 baby 너 없는 하루는 상상하기 조차 싫은 걸 아무것도 할 수 없을 걸 난 바보가 돼버릴거야 
",R&B/Soul,neutral: 43.2% love: 20.5% sadness: 29.5% anger: 6.8%,sadness
34713897,개코,새벽을 믿지 말자,새벽을 믿지 말자,"
							밤이 다 지나버린 후 또 난 그 짧은 시간 속에 남아서 우릴 그리고 있겠지 그 눈을 보면 그토록 바라던 순간에 오 난 멈춰버려 또 잠깐만 이렇게 더 우리 새벽을 믿지 말자 둘 다 좋아하는 음악이 딱 흘러 흘러 흘러나와 후회하게 될까 아냐 다 어디 가고 우리 둘만 남아 남아 너와 나의 새벽은 시작일까 끝일까 어느새 우린 이미 새벽 공기에 깊이 스며들어 버린 듯해 boy 나도 그냥 속아주는 걸 너도 원하잖아 우린 괜히 말이 많아 When you come to me 난 거부할 수 없잖아 취했었다고 하자 새벽 탓을 하자 감추고 싶지 않아 더 밝아지기 전에 왜 넌 모르는 것처럼 또 여기에 남아 You keep playing this game 어느새 이렇게 또 얼음 잔은 물이 돼서 테이블 위로 흘러 밤이 비켜준 시간은 느리게 흘러 꽤 많이 오래된 너와 나의 시소 균형이 흔들리고 있어 너의 미소에 아침이 오기까지 너무 머네 고마워 겨울이 아직 떠나지 않은 게 창문은 짙은 색 파랑 우리 애매했던 사이가 이미 사랑으로 변해가네 우리 새벽에 의지하자 둘 다 좋아하는 음악이 딱 흘러 흘러 흘러나와 후회하게 될까 아냐 다 집에 가고 우리 둘만 남아 남아 너와 나의 새벽은 시작일까 끝일까 어느새 우린 이미 새벽 공기에 깊이 스며들어 버린 듯해 boy 나도 그냥 속아주는 걸 너도 원하잖아 우린 괜히 말이 많아 When you come to me 난 거부할 수 없잖아 취했었다고 하자 새벽 탓을 하자 감추고 싶지 않아 더 밝아지기 전에 
",R&B/Soul,neutral: 73.8% love: 9.5% sadness: 16.7%,sadness
36743809,Paul Blanco,그런 일은,그런 일은,"
							너무나 멀어 보여요 이렇게 가까이 있는데도 언제나 나를 안아주던 따스한 인사도 잊은 건가요 내가 뭘 잘못했나요 혹시 나 미워졌나요 아니죠 떠나려는 건 아니죠 그런 일은 절대로 없을 거라 나는 믿을게요 오늘은 안돼요 내 사랑이 이대로는 이별을 감당하긴 어려운걸요 많은 약속을 다 지울 순 없잖아요 아직도 해드릴게 참 많이 있는데 얼마쯤 걸어가다가 한번은 날 뒤돌아 봐줄 거죠 그리곤 다시 예전처럼 다가와 웃으며 안아줄 거죠 정말 날 좋아했는데 정말 날 아꼈었는데 아니죠 그대를 다시 못 보는 그런 일은 절대로 없는 거죠 나는 믿을게요 오늘은 안돼요 내 사랑이 이대로는 이별을 감당하긴 어려운걸요 많은 약속을 다 지울 순 없잖아요 아직도 해드릴게 참 많은걸요 내일 아침엔 더 힘들어 질 거예요 어쩌면 며칠 밤을 지새우겠죠 언제까지나 곁에 있기로 했잖아요 그대가 아니라면 난 혼자인 걸요
					",R&B/Soul,neutral: 53.6% sadness: 28.6% love: 17.9%,sadness
32282389,마크툽 (MAKTUB),마음이 말하는 행복 (Happiness) (Feat.이라온),Red Moon : Happiness,"
							소란했던 오늘의 하루가 너와 함께 고요해 작은 입술을 열어 우리의 밤을 노래해 넌 내가 본 가장 아름다운 별 날 꿈꾸게 해 널 위해 태어난 꿈의 조각은 어제보다 널 사랑하게 해 그게 얼마나 날 설레게 하고 널 원하게 만드는지 수많은 시간을 지나 네 품에 가만히 안겨 너에게 잠겨 눈을 감아 이 순간을 담아 행복이라고 예쁘게 적어본다 맞닿은 두 볼에 피어난 미소가 서로의 맘을 비추고 넌 내가 본 가장 눈부신 바다 날 숨 쉬게 해 널 위해 태어난 꿈의 조각은 어제보다 널 사랑하게 해 그게 얼마나 날 설레게 하고 널 원하게 만드는지 수많은 시간을 지나 네 품에 가만히 안겨 너에게 잠겨 눈을 감아 이 순간을 담아 행복이라고 예쁘게 적어본다 나의 어린 날들은 너로 기억될 거야 말로는 다 할 수 없는 커다란 이 맘을 모두 줄게 너라는 이유 그 하나만으로 마음이 말하는 세상으로 빛나는 오늘 함께 하는 우리 모든 게 선물인걸 영원할 순간이 지금 내 앞에 둘만의 특별한 여행을 떠나 너를 안아 사랑을 담아 행복이라고 예쁘게 적어본다 
","R&B/Soul, 인디음악",neutral: 51.5% happiness: 12.1% love: 27.3% enthusiasm: 6.1% sadness: 3.0%,love
37086994,BIG Naughty (서동현),"INFJ (Feat. B.I, 방예담)",Dingo X BIG Naughty,"
							P였던 내가 J가 돼 가 계획을 세워 막 너 때문일까 T였던 네가 F가 돼 가 하트를 보내 막 나 때문일까,개였던 내가 사람이 되어가 아침에 일어나고 요샌 밤에 잠도 잘 자 혹시 어디 아파 친구들이 물어봐 10년도 더 된 애 잊으라매 근데 네가 뭘 알아,타들어 버려 시꺼멨던 속은 미디엄 웰던에 겉바속촉 식감에 터지는 꿀로 둔갑해,함 맛봐 볼래 내 사랑 노랜 never 망할 수가 없지 Cause 넌 미슐랭의 flavor,Haute Couture에 CHANEL 보단 GODIVA 하나에 행복해하는 네게 홀랑 반해 미뤄버렸어 발매일,I N ever F all cause you rasie me up my J esus 네 치즈는 거울을 찢어 my INFJ의 이쁘장한 venus,P였던 내가 J가 돼 가 계획을 세워 막 너 때문일까 T였던 네가 F가 돼 가 하트를 보내 막 나 때문일까,사랑은 첫눈에 태어나 감정의 언어가 시를 써 내린다 너에게 맞춰 내 모습을 편집해 망가진 감수성부터 다시 조립해 한동안 시계였던 아이폰의 위대함을 몸소 체감하고 설렘까지 계산하던 사고방식 reset 관심 없던 꽃 이름에 눈이 가 사랑에 논리와 객관성이 무슨 의미인가 눈앞에 천사를 두고 어떻게 내가 냉정을 유지해 내 모든 빛을 줄게 너의 눈부심을 위해,P였던 내가 J가 돼 가 계획을 세워 막 너 때문일까 T였던 네가 F가 돼 가 하트를 보내 막 나 때문일까,I never thought I’d fall in love again 어떻게 내가 너한테 이래 어두웠었던 내 삶을 하나둘씩 밝혀 girl 넌,I just wanna make you happy 매일 웃게 해 줄게 My shawty,Mmm 난 못해 거짓말 너가 내 마지막 Just wanna make it right,P였던 내가 J가 돼 가 계획을 세워 막 너 때문일까 T였던 네가 F가 돼 가 하트를 보내 막 나 때문일까 
",R&B/Soul,neutral: 62.8% love: 16.3% sadness: 16.3% happiness: 4.7%,love
36487182,그리즐리 (Grizzly),친구 얘긴데 (feat. Skinny Brown),친구 얘긴데,"
							저기 말야 나 말고 아는 친구 얘긴데 별 뜻은 아냐 그저 네 생각이 좀 궁금해 끊임없이 이어져 가는 연락과 최신 영화는 꼭 둘이서만 보나 봐 야 있잖아 걔네 지금 사랑일까 막 떨린다나 그 애를 볼 때마다 내 얘기 아니야 웃지 좀 마 그럼 설레잖아 고백하라 말할까 아님 그냥 둘까 넌 어떤 것 같아 말해봐 아니 뭐 어때 친구 얘긴데 솔직히 얘기해 줘 모른 척 대답해 줘 너도 다 알잖아 yeah 사실 우리 얘긴데 난 내 마음을 너무 잘 알아서 탈이야 너의 마음은? 빙글뱅글 돌아가는 상황 merry-go-round 다가감이 멀어짐을 불러올까 난 두려운데 넌 아무 말 없이 영화 예매표를 보내올 때 내가 아플 때나 기쁠 때나 넌 내 옆에 있어 찐친구라면 웃고 말았겠지 멀찍이서 보내는 시선 너와 난 눈치가 너무 빨라 다 알고 있던 것 같아 우리 솔직해져 잠깐 야 있잖아 걔네 지금 사랑일까 막 떨린다나 그 애를 볼 때마다 내 얘기 아니야 웃지 좀 마 그럼 설레잖아 고백하라 말할까 아님 그냥 둘까 넌 어떤 것 같아 말해봐 아니 뭐 어때 친구 얘긴데 친구론 안 되나 봐 전부 계절 탓인가 내가 힘들 때 먼저 달려와 준 건 다 너잖아 모르는 척 내 맘 다 알잖아 이 얘기 속 바보 같은 걔 나인 걸 알잖아 사랑일까 나 떨리나 봐 너를 볼 때마다 네 얘기가 맞아 웃지 좀 마 그럼 설레잖아 너랑 친구 아니고 연인은 어떨까 상상해 매일 밤 이런 날 너도 좋다고 말해줬으면 솔직히 얘기해 줘 모른 척 대답해 줘 너도 다 알잖아 yeah 사실 우리 얘긴데 
","R&B/Soul, 인디음악",neutral: 56.5% sadness: 10.9% anger: 4.3% love: 28.3%,love
33372785,아이유,돌림노래 (Feat. DEAN),IU 5th Album 'LILAC',"
							죄책감 없이 밤늦게 전화해도 돼 (그 다음 날) 기억도 못 할 헛소릴 뱉어도 돼 (아무때나) 예고 없이 찾아와 나의 하루를 망쳐도 돼 이런 맘을 사랑이라고 부르고 싶지는 않아,우린 가장 최악의 구간을 맴돌아,We’re lost in a circle 이 지겨운 돌림노래 꼬리에 꼬리를 물어 도무지 끝이 안 나,Too easy and so simple (rolly rolly rolly roll) 별생각 없이 가볍게 (rolly rolly rolly roll),이 짓을 이어가 머릿속엔 온종일 한 곡만 streaming,알잖아 you’re my favorite 하지만 나는 ex-boy friend 선 넘을 뻔 했던 건 인정해 근데 이제 아홉 번째 baby tell me something 이렇게 그냥 나의 옆에 누워있을 때 너는 어때 네 맘은 여전해?,우린 가장 최악의 구간을 맴돌아,We’re lost in a circle 이 지겨운 돌림노래 꼬리에 꼬리를 물어 도무지 끝이 안 나,Too easy and so simple (rolly rolly rolly roll) 별 생각 없이 가볍게 (rolly rolly rolly roll),이 짓을 이어가 머릿속엔 온종일 한 곡만 streaming,너도 느끼지 우리 참 일관적으로 별로야  너는 너답게 나는 나답게,얼마든지 나빠도 괜찮아 너의 뒷모습을 더 사랑하니까,We’re lost in a circle 이 지겨운 돌림노래 꼬리에 꼬리를 물어 도무지 끝이 안 나,Too easy and so simple (rolly rolly rolly roll) 별 생각 없이 가볍게 (rolly rolly rolly roll),이 짓을 이어가 머릿속엔 온종일 한 곡만 streaming 
",R&B/Soul,anger: 3.3% sadness: 26.7% neutral: 53.3% love: 6.7% happiness: 10.0%,sadness
